<?xml version="1.0" encoding="UTF-8"?><toc xmlns:toc="http://www.oxygenxml.com/ns/webhelp/toc" xmlns="http://www.oxygenxml.com/ns/webhelp/toc" xmlns:xhtml="http://www.w3.org/1999/xhtml"><title><span xmlns="http://www.w3.org/1999/xhtml" class="title">MOVO User Guide</span></title><topic href="Concepts/c_welcome_to_movo_beta.html" data-id="concept_dxy_ljx_4bb" wh-toc-id="concept_dxy_ljx_4bb-d58e11"><title>Welcome to MOVO Beta</title><shortdesc><p xmlns="http://www.w3.org/1999/xhtml" class="shortdesc">Welcome to MOVO! Read this section first to get started.</p>
</shortdesc><topicmeta><resourceid class="- topic/resourceid " oxy-source="topic" appid="concept_dxy_ljx_4bb"></resourceid><navtitle class="- topic/navtitle ">Welcome to MOVO Beta</navtitle><?ditaot gentext?><linktext class="- map/linktext ">Welcome to MOVO Beta</linktext><?ditaot genshortdesc?><shortdesc class="- map/shortdesc ">Welcome to MOVO! Read this section first to get started.</shortdesc></topicmeta><topic href="Concepts/c_movo_user_guide_revision_history.html" data-id="concept_dmq_21n_gcb" wh-toc-id="concept_dmq_21n_gcb-d58e22"><title>Revision History</title><shortdesc><p xmlns="http://www.w3.org/1999/xhtml" class="shortdesc">This page describes the history of revisions of the document.</p>
</shortdesc><topicmeta><resourceid class="- topic/resourceid " oxy-source="topic" appid="concept_dmq_21n_gcb"></resourceid><navtitle class="- topic/navtitle ">Revision History</navtitle><?ditaot gentext?><linktext class="- map/linktext ">Revision History</linktext><?ditaot genshortdesc?><shortdesc class="- map/shortdesc ">This page describes the history of revisions of the document.</shortdesc></topicmeta></topic><topic href="Concepts/c_whats_in_box.html" data-id="concept_jgg_cqh_qbb" wh-toc-id="concept_jgg_cqh_qbb-d58e33"><title>What's in the box?</title><shortdesc><p xmlns="http://www.w3.org/1999/xhtml" class="shortdesc">This section describes the contents of the box in which MOVO arrives.</p>
</shortdesc><topicmeta><resourceid class="- topic/resourceid " oxy-source="topic" appid="concept_jgg_cqh_qbb"></resourceid><navtitle class="- topic/navtitle ">What's in the box?</navtitle><?ditaot gentext?><linktext class="- map/linktext ">What's in the box?</linktext><?ditaot genshortdesc?><shortdesc class="- map/shortdesc ">This section describes the contents of the box in which MOVO arrives.</shortdesc></topicmeta></topic><topic href="Tasks/t_unboxing_movo.html" data-id="task_lqc_nqh_qbb" wh-toc-id="task_lqc_nqh_qbb-d58e44"><title>Unboxing MOVO</title><shortdesc><p xmlns="http://www.w3.org/1999/xhtml" class="shortdesc">This section gives a description of the process for removing MOVO from the shipping         container.</p>
</shortdesc><topicmeta><resourceid class="- topic/resourceid " oxy-source="topic" appid="task_lqc_nqh_qbb"></resourceid><navtitle class="- topic/navtitle ">Unboxing MOVO</navtitle><?ditaot gentext?><linktext class="- map/linktext ">Unboxing MOVO</linktext><?ditaot genshortdesc?><shortdesc class="- map/shortdesc ">This section gives a description of the process for removing MOVO from the shipping         container.</shortdesc></topicmeta></topic><topic href="Concepts/c_main_breaker.html" data-id="concept_cz2_jkd_fcb" wh-toc-id="concept_cz2_jkd_fcb-d58e55"><title>Battery breaker switch </title><shortdesc><p xmlns="http://www.w3.org/1999/xhtml" class="shortdesc">This section describes how to flip the battery breaker on the base. This is required         in order for the batteries to be charged, and for MOVO to operate without being plugged         in.</p>
</shortdesc><topicmeta><resourceid class="- topic/resourceid " oxy-source="topic" appid="concept_cz2_jkd_fcb"></resourceid><navtitle class="- topic/navtitle ">Battery breaker switch </navtitle><?ditaot gentext?><linktext class="- map/linktext ">Battery breaker switch</linktext><?ditaot genshortdesc?><shortdesc class="- map/shortdesc ">This section describes how to flip the battery breaker on the base. This is required         in order for the batteries to be charged, and for MOVO to operate without being plugged         in.</shortdesc></topicmeta></topic><topic href="Tasks/t_charging_movo_battery.html" data-id="task_npl_gth_qbb" wh-toc-id="task_npl_gth_qbb-d58e66"><title>Charging MOVO's battery</title><shortdesc><p xmlns="http://www.w3.org/1999/xhtml" class="shortdesc">This section describes the procedure to charge MOVO's battery. MOVO's batteries need         to be charged regularly.</p>
</shortdesc><topicmeta><resourceid class="- topic/resourceid " oxy-source="topic" appid="task_npl_gth_qbb"></resourceid><navtitle class="- topic/navtitle ">Charging MOVO's battery</navtitle><?ditaot gentext?><linktext class="- map/linktext ">Charging MOVO's battery</linktext><?ditaot genshortdesc?><shortdesc class="- map/shortdesc ">This section describes the procedure to charge MOVO's battery. MOVO's batteries need         to be charged regularly.</shortdesc></topicmeta></topic><topic href="Concepts/c_support_help.html" data-id="concept_ncf_m5h_qbb" wh-toc-id="concept_ncf_m5h_qbb-d58e77"><title>Support / help</title><shortdesc><p xmlns="http://www.w3.org/1999/xhtml" class="shortdesc">Here's where to turn for MOVO-related support and advice.</p>
</shortdesc><topicmeta><resourceid class="- topic/resourceid " oxy-source="topic" appid="concept_ncf_m5h_qbb"></resourceid><navtitle class="- topic/navtitle ">Support / help</navtitle><?ditaot gentext?><linktext class="- map/linktext ">Support / help</linktext><?ditaot genshortdesc?><shortdesc class="- map/shortdesc ">Here's where to turn for MOVO-related support and advice.</shortdesc></topicmeta></topic></topic><topic href="Concepts/c_movo_safety.html" data-id="concept_f2r_tlx_4bb" wh-toc-id="concept_f2r_tlx_4bb-d58e89"><title>Personal safety and security of MOVO</title><shortdesc><p xmlns="http://www.w3.org/1999/xhtml" class="shortdesc">This section covers key information and principles to follow to avoid personal injury         or damage to MOVO.</p>
</shortdesc><topicmeta><resourceid class="- topic/resourceid " oxy-source="topic" appid="concept_f2r_tlx_4bb"></resourceid><navtitle class="- topic/navtitle ">Personal safety and security of MOVO</navtitle><?ditaot gentext?><linktext class="- map/linktext ">Personal safety and security of MOVO</linktext><?ditaot genshortdesc?><shortdesc class="- map/shortdesc ">This section covers key information and principles to follow to avoid personal injury         or damage to MOVO.</shortdesc></topicmeta><topic href="Concepts/c_intended_use.html" data-id="concept_ert_mqx_4bb" wh-toc-id="concept_ert_mqx_4bb-d58e100"><title>Intended use</title><shortdesc><p xmlns="http://www.w3.org/1999/xhtml" class="shortdesc">This section describes the intended usage of MOVO.</p>
</shortdesc><topicmeta><resourceid class="- topic/resourceid " oxy-source="topic" appid="concept_ert_mqx_4bb"></resourceid><navtitle class="- topic/navtitle ">Intended use</navtitle><?ditaot gentext?><linktext class="- map/linktext ">Intended use</linktext><?ditaot genshortdesc?><shortdesc class="- map/shortdesc ">This section describes the intended usage of MOVO.</shortdesc></topicmeta></topic><topic href="Concepts/c_environmental_operating_conditions.html" data-id="concept_yxt_vqx_4bb" wh-toc-id="concept_yxt_vqx_4bb-d58e111"><title>Environmental and operating conditions</title><shortdesc><p xmlns="http://www.w3.org/1999/xhtml" class="shortdesc">This section describes the proper environmental operating conditions for MOVO. Make         sure not to use MOVO outside the proper range of conditions.</p>
</shortdesc><topicmeta><resourceid class="- topic/resourceid " oxy-source="topic" appid="concept_yxt_vqx_4bb"></resourceid><navtitle class="- topic/navtitle ">Environmental and operating conditions</navtitle><?ditaot gentext?><linktext class="- map/linktext ">Environmental and operating conditions</linktext><?ditaot genshortdesc?><shortdesc class="- map/shortdesc ">This section describes the proper environmental operating conditions for MOVO. Make         sure not to use MOVO outside the proper range of conditions.</shortdesc></topicmeta></topic><topic href="Concepts/c_estop.html" data-id="concept_ktb_q5h_qbb" wh-toc-id="concept_ktb_q5h_qbb-d58e122"><title>E-Stop</title><shortdesc><p xmlns="http://www.w3.org/1999/xhtml" class="shortdesc">This section describes the use of the E-Stop. The E-Stop lets you stop MOVO quickly         in an emergency.</p>
</shortdesc><topicmeta><resourceid class="- topic/resourceid " oxy-source="topic" appid="concept_ktb_q5h_qbb"></resourceid><navtitle class="- topic/navtitle ">E-Stop</navtitle><?ditaot gentext?><linktext class="- map/linktext ">E-Stop</linktext><?ditaot genshortdesc?><shortdesc class="- map/shortdesc ">This section describes the use of the E-Stop. The E-Stop lets you stop MOVO quickly         in an emergency.</shortdesc></topicmeta></topic><topic href="Concepts/c_avoiding_damage_equipment.html" data-id="concept_vkq_brx_4bb" wh-toc-id="concept_vkq_brx_4bb-d58e133"><title>Avoiding damage to MOVO</title><shortdesc><p xmlns="http://www.w3.org/1999/xhtml" class="shortdesc">This section describes steps to take to avoid potential damage to MOVO. Most of this         is common sense, but it's good to keep in mind.</p>
</shortdesc><topicmeta><resourceid class="- topic/resourceid " oxy-source="topic" appid="concept_vkq_brx_4bb"></resourceid><navtitle class="- topic/navtitle ">Avoiding damage to MOVO</navtitle><?ditaot gentext?><linktext class="- map/linktext ">Avoiding damage to MOVO</linktext><?ditaot genshortdesc?><shortdesc class="- map/shortdesc ">This section describes steps to take to avoid potential damage to MOVO. Most of this         is common sense, but it's good to keep in mind.</shortdesc></topicmeta></topic><topic href="Concepts/c_avoiding_personal_injury.html" data-id="concept_itc_2rx_4bb" wh-toc-id="concept_itc_2rx_4bb-d58e144"><title>Avoiding personal injury</title><shortdesc><p xmlns="http://www.w3.org/1999/xhtml" class="shortdesc">This section describes some basic steps to take to avoid potential injury to         researchers and bystanders when operating MOVO.</p>
</shortdesc><topicmeta><resourceid class="- topic/resourceid " oxy-source="topic" appid="concept_itc_2rx_4bb"></resourceid><navtitle class="- topic/navtitle ">Avoiding personal injury</navtitle><?ditaot gentext?><linktext class="- map/linktext ">Avoiding personal injury</linktext><?ditaot genshortdesc?><shortdesc class="- map/shortdesc ">This section describes some basic steps to take to avoid potential injury to         researchers and bystanders when operating MOVO.</shortdesc></topicmeta></topic></topic><topic href="Concepts/c_movo_hardware_overview.html" data-id="concept_dg2_nkm_sbb" wh-toc-id="concept_dg2_nkm_sbb-d58e156"><title>MOVO hardware overview</title><shortdesc><p xmlns="http://www.w3.org/1999/xhtml" class="shortdesc">This section provides a quick description of the basic components of MOVO</p>
</shortdesc><topicmeta><resourceid class="- topic/resourceid " oxy-source="topic" appid="concept_dg2_nkm_sbb"></resourceid><navtitle class="- topic/navtitle ">MOVO hardware overview</navtitle><?ditaot gentext?><linktext class="- map/linktext ">MOVO hardware overview</linktext><?ditaot genshortdesc?><shortdesc class="- map/shortdesc ">This section provides a quick description of the basic components of MOVO</shortdesc></topicmeta><topic href="Concepts/c_hmi_panel.html" data-id="concept_xhp_fw2_tbb" wh-toc-id="concept_xhp_fw2_tbb-d58e167"><title>MOVO Human-Machine Interface (HMI) panel</title><shortdesc><p xmlns="http://www.w3.org/1999/xhtml" class="shortdesc">This section describes the Human-Machine Interface (HMI) panel, located on the rear         of the upper torso. </p>
</shortdesc><topicmeta><resourceid class="- topic/resourceid " oxy-source="topic" appid="concept_xhp_fw2_tbb"></resourceid><navtitle class="- topic/navtitle ">MOVO Human-Machine Interface (HMI) panel</navtitle><?ditaot gentext?><linktext class="- map/linktext ">MOVO Human-Machine Interface (HMI) panel</linktext><?ditaot genshortdesc?><shortdesc class="- map/shortdesc ">This section describes the Human-Machine Interface (HMI) panel, located on the rear         of the upper torso. </shortdesc></topicmeta></topic><topic href="Concepts/c_charging_port.html" data-id="untitled8" wh-toc-id="untitled8-d58e178"><title>MOVO charging port</title><shortdesc><p xmlns="http://www.w3.org/1999/xhtml" class="shortdesc">This section describes the charging port used to connect MOVO to its power supply and         the indicators that display the charging state.</p>
</shortdesc><topicmeta><resourceid class="- topic/resourceid " oxy-source="topic" appid="untitled8"></resourceid><navtitle class="- topic/navtitle ">MOVO charging port</navtitle><?ditaot gentext?><linktext class="- map/linktext ">MOVO charging port</linktext><?ditaot genshortdesc?><shortdesc class="- map/shortdesc ">This section describes the charging port used to connect MOVO to its power supply and         the indicators that display the charging state.</shortdesc></topicmeta></topic><topic href="Concepts/c_led_panel.html" data-id="untitled7" wh-toc-id="untitled7-d58e189"><title>LED panel</title><shortdesc><p xmlns="http://www.w3.org/1999/xhtml" class="shortdesc">This section describes the LED status indicators on the right hand side of the motion         base of MOVO.</p>
</shortdesc><topicmeta><resourceid class="- topic/resourceid " oxy-source="topic" appid="untitled7"></resourceid><navtitle class="- topic/navtitle ">LED panel</navtitle><?ditaot gentext?><linktext class="- map/linktext ">LED panel</linktext><?ditaot genshortdesc?><shortdesc class="- map/shortdesc ">This section describes the LED status indicators on the right hand side of the motion         base of MOVO.</shortdesc></topicmeta></topic><topic href="Concepts/c_teleop_control.html" data-id="concept_wgy_m44_ccb" wh-toc-id="concept_wgy_m44_ccb-d58e200"><title>Joystick control </title><shortdesc><p xmlns="http://www.w3.org/1999/xhtml" class="shortdesc">This section describes the joystick used for remote tele-operation of MOVO and the         control mapping for the joystick.</p>
</shortdesc><topicmeta><resourceid class="- topic/resourceid " oxy-source="topic" appid="concept_wgy_m44_ccb"></resourceid><navtitle class="- topic/navtitle ">Joystick control </navtitle><?ditaot gentext?><linktext class="- map/linktext ">Joystick control</linktext><?ditaot genshortdesc?><shortdesc class="- map/shortdesc ">This section describes the joystick used for remote tele-operation of MOVO and the         control mapping for the joystick.</shortdesc></topicmeta></topic></topic><topic href="Tasks/t_powering_up_movo.html" data-id="task_olt_kc3_tbb" wh-toc-id="task_olt_kc3_tbb-d58e212"><title>Powering up MOVO</title><shortdesc><p xmlns="http://www.w3.org/1999/xhtml" class="shortdesc">This section describes the procedure for powering up MOVO. This is carried out every         time you turn MOVO on.</p>
</shortdesc><topicmeta><resourceid class="- topic/resourceid " oxy-source="topic" appid="task_olt_kc3_tbb"></resourceid><navtitle class="- topic/navtitle ">Powering up MOVO</navtitle><?ditaot gentext?><linktext class="- map/linktext ">Powering up MOVO</linktext><?ditaot genshortdesc?><shortdesc class="- map/shortdesc ">This section describes the procedure for powering up MOVO. This is carried out every         time you turn MOVO on.</shortdesc></topicmeta><topic href="Concepts/c_movo_bootup_process.html" data-id="concept_mp3_xcf_bcb" wh-toc-id="concept_mp3_xcf_bcb-d58e223"><title>MOVO boot-up process</title><shortdesc><p xmlns="http://www.w3.org/1999/xhtml" class="shortdesc">This section describes the internal bootup process that takes place when MOVO is         powered on.</p>
</shortdesc><topicmeta><resourceid class="- topic/resourceid " oxy-source="topic" appid="concept_mp3_xcf_bcb"></resourceid><navtitle class="- topic/navtitle ">MOVO boot-up process</navtitle><?ditaot gentext?><linktext class="- map/linktext ">MOVO boot-up process</linktext><?ditaot genshortdesc?><shortdesc class="- map/shortdesc ">This section describes the internal bootup process that takes place when MOVO is         powered on.</shortdesc></topicmeta></topic><topic href="Concepts/c_movo_upstart_process.html" data-id="concept_apg_cjf_bcb" wh-toc-id="concept_apg_cjf_bcb-d58e234"><title>Upstart process</title><shortdesc><p xmlns="http://www.w3.org/1999/xhtml" class="shortdesc">This section describes the upstart process that is launched by the boot-up process on         powering up MOVO.</p>
</shortdesc><topicmeta><resourceid class="- topic/resourceid " oxy-source="topic" appid="concept_apg_cjf_bcb"></resourceid><navtitle class="- topic/navtitle ">Upstart process</navtitle><?ditaot gentext?><linktext class="- map/linktext ">Upstart process</linktext><?ditaot genshortdesc?><shortdesc class="- map/shortdesc ">This section describes the upstart process that is launched by the boot-up process on         powering up MOVO.</shortdesc></topicmeta></topic></topic><topic href="Tasks/t_powering_down_movo.html" data-id="task_m4q_nth_qbb" wh-toc-id="task_m4q_nth_qbb-d58e247"><title>Powering down MOVO</title><shortdesc><p xmlns="http://www.w3.org/1999/xhtml" class="shortdesc">This section describes the procedure for an orderly shut down of MOVO. This is used         whenever it is necessary to shut down and put away MOVO when not in use.</p>
</shortdesc><topicmeta><resourceid class="- topic/resourceid " oxy-source="topic" appid="task_m4q_nth_qbb"></resourceid><navtitle class="- topic/navtitle ">Powering down MOVO</navtitle><?ditaot gentext?><linktext class="- map/linktext ">Powering down MOVO</linktext><?ditaot genshortdesc?><shortdesc class="- map/shortdesc ">This section describes the procedure for an orderly shut down of MOVO. This is used         whenever it is necessary to shut down and put away MOVO when not in use.</shortdesc></topicmeta><topic href="Concepts/c_movo_shutdown_process.html" data-id="concept_xtf_tx1_ccb" wh-toc-id="concept_xtf_tx1_ccb-d58e258"><title>MOVO shutdown process</title><shortdesc><p xmlns="http://www.w3.org/1999/xhtml" class="shortdesc">Describes the internal process when MOVO is shut down.</p>
</shortdesc><topicmeta><resourceid class="- topic/resourceid " oxy-source="topic" appid="concept_xtf_tx1_ccb"></resourceid><navtitle class="- topic/navtitle ">MOVO shutdown process</navtitle><?ditaot gentext?><linktext class="- map/linktext ">MOVO shutdown process</linktext><?ditaot genshortdesc?><shortdesc class="- map/shortdesc ">Describes the internal process when MOVO is shut down.</shortdesc></topicmeta></topic></topic><topic href="Concepts/c_working_jaco_arms_movo.html" data-id="concept_jfr_xhc_gcb" wh-toc-id="concept_jfr_xhc_gcb-d58e270"><title>Working with JACO arms and MOVO</title><shortdesc><p xmlns="http://www.w3.org/1999/xhtml" class="shortdesc">This section describes how to perform procedures relating to removing and installing         JACO2 arms from and on MOVO.</p>
</shortdesc><topicmeta><resourceid class="- topic/resourceid " oxy-source="topic" appid="concept_jfr_xhc_gcb"></resourceid><navtitle class="- topic/navtitle ">Working with JACO arms and MOVO</navtitle><?ditaot gentext?><linktext class="- map/linktext ">Working with JACO arms and MOVO</linktext><?ditaot genshortdesc?><shortdesc class="- map/shortdesc ">This section describes how to perform procedures relating to removing and installing         JACO2 arms from and on MOVO.</shortdesc></topicmeta><topic href="Tasks/t_disconnect_jaco_standard_base.html" data-id="task_llq_1cc_gcb" wh-toc-id="task_llq_1cc_gcb-d58e281"><title>Disconnect JACO arm from standard controller base</title><shortdesc><p xmlns="http://www.w3.org/1999/xhtml" class="shortdesc">This page describes how to disconnect a JACO arm from a standard JACO controller         base. This is necessary to prepare an arm to be mounted on MOVO.</p>
</shortdesc><topicmeta><resourceid class="- topic/resourceid " oxy-source="topic" appid="task_llq_1cc_gcb"></resourceid><navtitle class="- topic/navtitle ">Disconnect JACO arm from standard controller base</navtitle><?ditaot gentext?><linktext class="- map/linktext ">Disconnect JACO arm from standard controller base</linktext><?ditaot genshortdesc?><shortdesc class="- map/shortdesc ">This page describes how to disconnect a JACO arm from a standard JACO controller         base. This is necessary to prepare an arm to be mounted on MOVO.</shortdesc></topicmeta></topic><topic href="Tasks/t_kinova_arms_install.html" data-id="task_pfy_zsh_qbb" wh-toc-id="task_pfy_zsh_qbb-d58e292"><title>Installing Kinova arms on MOVO</title><shortdesc><p xmlns="http://www.w3.org/1999/xhtml" class="shortdesc">This section describes the process of installing Kinova arms on MOVO. This applies         whether you are putting the arms on for the first time, or if you are putting the arms back         on after removing them.</p>
</shortdesc><topicmeta><resourceid class="- topic/resourceid " oxy-source="topic" appid="task_pfy_zsh_qbb"></resourceid><navtitle class="- topic/navtitle ">Installing Kinova arms on MOVO</navtitle><?ditaot gentext?><linktext class="- map/linktext ">Installing Kinova arms on MOVO</linktext><?ditaot genshortdesc?><shortdesc class="- map/shortdesc ">This section describes the process of installing Kinova arms on MOVO. This applies         whether you are putting the arms on for the first time, or if you are putting the arms back         on after removing them.</shortdesc></topicmeta></topic><topic href="Tasks/t_kinova_arms_uninstall.html" data-id="task_ow1_wth_qbb" wh-toc-id="task_ow1_wth_qbb-d58e303"><title>Removing Kinova arms from MOVO</title><shortdesc><p xmlns="http://www.w3.org/1999/xhtml" class="shortdesc">This section describes the procedure for removing one Kinova arm from MOVO. This can         be helpful if you want to experiment with the arm separately for research         purposes.</p>
</shortdesc><topicmeta><resourceid class="- topic/resourceid " oxy-source="topic" appid="task_ow1_wth_qbb"></resourceid><navtitle class="- topic/navtitle ">Removing Kinova arms from MOVO</navtitle><?ditaot gentext?><linktext class="- map/linktext ">Removing Kinova arms from MOVO</linktext><?ditaot genshortdesc?><shortdesc class="- map/shortdesc ">This section describes the procedure for removing one Kinova arm from MOVO. This can         be helpful if you want to experiment with the arm separately for research         purposes.</shortdesc></topicmeta></topic><topic href="Tasks/t_mount_jaco_externally_base.html" data-id="task_hhz_pws_5bb" wh-toc-id="task_hhz_pws_5bb-d58e314"><title>Mounting JACO arm on standard controller base</title><shortdesc><p xmlns="http://www.w3.org/1999/xhtml" class="shortdesc">This page describes how to mount a JACO arm on a standard JACO controller         base.</p>
</shortdesc><topicmeta><resourceid class="- topic/resourceid " oxy-source="topic" appid="task_hhz_pws_5bb"></resourceid><navtitle class="- topic/navtitle ">Mounting JACO arm on standard controller base</navtitle><?ditaot gentext?><linktext class="- map/linktext ">Mounting JACO arm on standard controller base</linktext><?ditaot genshortdesc?><shortdesc class="- map/shortdesc ">This page describes how to mount a JACO arm on a standard JACO controller         base.</shortdesc></topicmeta></topic></topic><topic href="Tasks/t_packing_movo_transport.html" data-id="task_ojm_35h_qbb" wh-toc-id="task_ojm_35h_qbb-d58e326"><title>Packing up MOVO for transport</title><shortdesc><p xmlns="http://www.w3.org/1999/xhtml" class="shortdesc">This section describes the procedure for packing up MOVO into its shipping container.         This is useful if you ever need to ship or transport MOVO.</p>
</shortdesc><topicmeta><resourceid class="- topic/resourceid " oxy-source="topic" appid="task_ojm_35h_qbb"></resourceid><navtitle class="- topic/navtitle ">Packing up MOVO for transport</navtitle><?ditaot gentext?><linktext class="- map/linktext ">Packing up MOVO for transport</linktext><?ditaot genshortdesc?><shortdesc class="- map/shortdesc ">This section describes the procedure for packing up MOVO into its shipping container.         This is useful if you ever need to ship or transport MOVO.</shortdesc></topicmeta></topic></toc>